[
  {
    "country": "Abkhazia",
    "currency": "Abkhazian apsar",
    "symbol": "аҧ",
    "code": ""
  },
  {
    "country": "Russia",
    "currency": "Russian ruble",
    "symbol": "₽",
    "code": "RUB"
  },
  {
    "country": "Afghanistan",
    "currency": "Afghan afghani",
    "symbol": "؋",
    "code": "AFN"
  },
  {
    "country": "Akrotiri and Dhekelia",
    "currency": "Euro",
    "symbol": "€",
    "code": "EUR"
  },
  {
    "country": "Albania",
    "currency": "Albanian lek",
    "symbol": "L",
    "code": "ALL"
  },
  {
    "country": "Algeria",
    "currency": "Algerian dinar",
    "symbol": "DA",
    "code": "DZD"
  },
  { "country": "Andorra", "currency": "Euro", "symbol": "€", "code": "EUR" },
  {
    "country": "Angola",
    "currency": "Angolan kwanza",
    "symbol": "Kz",
    "code": "AOA"
  },
  {
    "country": "Anguilla",
    "currency": "Eastern Caribbean dollar",
    "symbol": "EC$",
    "code": "XCD"
  },
  {
    "country": "Antigua and Barbuda",
    "currency": "Eastern Caribbean dollar",
    "symbol": "EC$",
    "code": "XCD"
  },
  {
    "country": "Argentina",
    "currency": "Argentine peso",
    "symbol": "$",
    "code": "ARS"
  },
  {
    "country": "Armenia",
    "currency": "Armenian dram",
    "symbol": "֏",
    "code": "AMD"
  },
  {
    "country": "Aruba",
    "currency": "Aruban florin",
    "symbol": "ƒ",
    "code": "AWG"
  },
  {
    "country": "Ascension Island",
    "currency": "Saint Helena pound",
    "symbol": "£",
    "code": "SHP"
  },
  {
    "country": "Australia",
    "currency": "Australian dollar",
    "symbol": "$",
    "code": "AUD"
  },
  { "country": "Austria", "currency": "Euro", "symbol": "€", "code": "EUR" },
  {
    "country": "Azerbaijan",
    "currency": "Azerbaijani manat",
    "symbol": "₼",
    "code": "AZN"
  },
  {
    "country": "Bahamas, The",
    "currency": "Bahamian dollar",
    "symbol": "$",
    "code": "BSD"
  },
  {
    "country": "Bahrain",
    "currency": "Bahraini dinar",
    "symbol": "BD",
    "code": "BHD"
  },
  {
    "country": "Bangladesh",
    "currency": "Bangladeshi taka",
    "symbol": "৳",
    "code": "BDT"
  },
  {
    "country": "Barbados",
    "currency": "Barbadian dollar",
    "symbol": "$",
    "code": "BBD"
  },
  {
    "country": "Belarus",
    "currency": "Belarusian ruble",
    "symbol": "Br",
    "code": "BYN"
  },
  { "country": "Belgium", "currency": "Euro", "symbol": "€", "code": "EUR" },
  {
    "country": "Belize",
    "currency": "Belize dollar",
    "symbol": "$",
    "code": "BZD"
  },
  {
    "country": "Benin",
    "currency": "West African CFA franc",
    "symbol": "F.CFA",
    "code": "XOF"
  },
  {
    "country": "Bermuda",
    "currency": "Bermudian dollar",
    "symbol": "$",
    "code": "BMD"
  },
  {
    "country": "Bhutan",
    "currency": "Bhutanese ngultrum",
    "symbol": "Nu",
    "code": "BTN"
  },
  {
    "country": "India",
    "currency": "Indian rupee",
    "symbol": "₹",
    "code": "INR"
  },
  {
    "country": "Bolivia",
    "currency": "Bolivian boliviano",
    "symbol": "Bs",
    "code": "BOB"
  },
  {
    "country": "Bonaire",
    "currency": "United States dollar",
    "symbol": "$",
    "code": "USD"
  },
  {
    "country": "Bosnia and Herzegovina",
    "currency": "Bosnia and Herzegovina convertible mark",
    "symbol": "KM",
    "code": "BAM"
  },
  {
    "country": "Botswana",
    "currency": "Botswana pula",
    "symbol": "P",
    "code": "BWP"
  },
  {
    "country": "Brazil",
    "currency": "Brazilian real",
    "symbol": "R$",
    "code": "BRL"
  },
  {
    "country": "British Virgin Islands",
    "currency": "United States dollar",
    "symbol": "$",
    "code": "USD"
  },
  {
    "country": "Brunei",
    "currency": "Brunei dollar",
    "symbol": "$",
    "code": "BND"
  },
  {
    "country": "Singapore",
    "currency": "Singapore dollar",
    "symbol": "$",
    "code": "SGD"
  },
  {
    "country": "Bulgaria",
    "currency": "Bulgarian lev",
    "symbol": "lv.",
    "code": "BGN"
  },
  {
    "country": "Burkina Faso",
    "currency": "West African CFA franc",
    "symbol": "F.CFA",
    "code": "XOF"
  },
  {
    "country": "Burundi",
    "currency": "Burundian franc",
    "symbol": "FBu",
    "code": "BIF"
  },
  {
    "country": "Cambodia",
    "currency": "Cambodian riel",
    "symbol": "៛",
    "code": "KHR"
  },
  {
    "country": "Cameroon",
    "currency": "Central African CFA franc",
    "symbol": "F.CFA",
    "code": "XAF"
  },
  {
    "country": "Canada",
    "currency": "Canadian dollar",
    "symbol": "$",
    "code": "CAD"
  },
  {
    "country": "Cape Verde",
    "currency": "Cape Verdean escudo",
    "symbol": "",
    "code": "CVE"
  },
  {
    "country": "Cayman Islands",
    "currency": "Cayman Islands dollar",
    "symbol": "$",
    "code": "KYD"
  },
  {
    "country": "Central African Republic",
    "currency": "Central African CFA franc",
    "symbol": "F.CFA",
    "code": "XAF"
  },
  {
    "country": "Chad",
    "currency": "Central African CFA franc",
    "symbol": "F.CFA",
    "code": "XAF"
  },
  {
    "country": "Chile",
    "currency": "Chilean peso",
    "symbol": "$",
    "code": "CLP"
  },
  { "country": "China", "currency": "Renminbi", "symbol": "¥", "code": "CNY" },
  {
    "country": "Colombia",
    "currency": "Colombian peso",
    "symbol": "$",
    "code": "COP"
  },
  {
    "country": "Comoros",
    "currency": "Comorian franc",
    "symbol": "FC",
    "code": "KMF"
  },
  {
    "country": "Congo, Democratic Republic of the",
    "currency": "Congolese franc",
    "symbol": "FC",
    "code": "CDF"
  },
  {
    "country": "Congo, Republic of the",
    "currency": "Central African CFA franc",
    "symbol": "F.CFA",
    "code": "XAF"
  },
  {
    "country": "Cook Islands",
    "currency": "Cook Islands dollar",
    "symbol": "$",
    "code": ""
  },
  {
    "country": "New Zealand",
    "currency": "New Zealand dollar",
    "symbol": "$",
    "code": "NZD"
  },
  {
    "country": "Costa Rica",
    "currency": "Costa Rican colón",
    "symbol": "₡",
    "code": "CRC"
  },
  {
    "country": "Côte d'Ivoire",
    "currency": "West African CFA franc",
    "symbol": "F.CFA",
    "code": "XOF"
  },
  { "country": "Croatia", "currency": "Euro", "symbol": "€", "code": "EUR" },
  { "country": "Cuba", "currency": "Cuban peso", "symbol": "$", "code": "CUP" },
  {
    "country": "Curaçao",
    "currency": "Caribbean guilder",
    "symbol": "Cg",
    "code": "XCG"
  },
  { "country": "Cyprus", "currency": "Euro", "symbol": "€", "code": "EUR" },
  {
    "country": "Czech Republic",
    "currency": "Czech koruna",
    "symbol": "Kč",
    "code": "CZK"
  },
  {
    "country": "Denmark",
    "currency": "Danish krone",
    "symbol": "kr",
    "code": "DKK"
  },
  {
    "country": "Djibouti",
    "currency": "Djiboutian franc",
    "symbol": "Fdj",
    "code": "DJF"
  },
  {
    "country": "Dominica",
    "currency": "Eastern Caribbean dollar",
    "symbol": "EC$",
    "code": "XCD"
  },
  {
    "country": "Dominican Republic",
    "currency": "Dominican peso",
    "symbol": "$",
    "code": "DOP"
  },
  {
    "country": "Ecuador",
    "currency": "United States dollar",
    "symbol": "$",
    "code": "USD"
  },
  {
    "country": "Egypt",
    "currency": "Egyptian pound",
    "symbol": "LE",
    "code": "EGP"
  },
  {
    "country": "El Salvador",
    "currency": "United States dollar",
    "symbol": "$",
    "code": "USD"
  },
  {
    "country": "Equatorial Guinea",
    "currency": "Central African CFA franc",
    "symbol": "F.CFA",
    "code": "XAF"
  },
  {
    "country": "Eritrea",
    "currency": "Eritrean nakfa",
    "symbol": "Nkf",
    "code": "ERN"
  },
  { "country": "Estonia", "currency": "Euro", "symbol": "€", "code": "EUR" },
  {
    "country": "Eswatini",
    "currency": "Swazi lilangeni",
    "symbol": "L",
    "code": "SZL"
  },
  {
    "country": "South Africa",
    "currency": "South African rand",
    "symbol": "R",
    "code": "ZAR"
  },
  {
    "country": "Ethiopia",
    "currency": "Ethiopian birr",
    "symbol": "Br",
    "code": "ETB"
  },
  {
    "country": "Falkland Islands",
    "currency": "Falkland Islands pound",
    "symbol": "£",
    "code": "FKP"
  },
  {
    "country": "United Kingdom",
    "currency": "Sterling",
    "symbol": "£",
    "code": "GBP"
  },
  {
    "country": "Faroe Islands",
    "currency": "Danish krone",
    "symbol": "kr",
    "code": "DKK"
  },
  {
    "country": "Fiji",
    "currency": "Fijian dollar",
    "symbol": "$",
    "code": "FJD"
  },
  { "country": "Finland", "currency": "Euro", "symbol": "€", "code": "EUR" },
  { "country": "France", "currency": "Euro", "symbol": "€", "code": "EUR" },
  {
    "country": "French Polynesia",
    "currency": "CFP franc",
    "symbol": "₣",
    "code": "XPF"
  },
  {
    "country": "Gabon",
    "currency": "Central African CFA franc",
    "symbol": "F.CFA",
    "code": "XAF"
  },
  {
    "country": "Gambia, The",
    "currency": "Gambian dalasi",
    "symbol": "D",
    "code": "GMD"
  },
  {
    "country": "Georgia",
    "currency": "Georgian lari",
    "symbol": "₾",
    "code": "GEL"
  },
  { "country": "Germany", "currency": "Euro", "symbol": "€", "code": "EUR" },
  {
    "country": "Ghana",
    "currency": "Ghanaian cedi",
    "symbol": "₵",
    "code": "GHS"
  },
  {
    "country": "Gibraltar",
    "currency": "Gibraltar pound",
    "symbol": "£",
    "code": "GIP"
  },
  { "country": "Greece", "currency": "Euro", "symbol": "€", "code": "EUR" },
  {
    "country": "Greenland",
    "currency": "Danish krone",
    "symbol": "kr",
    "code": "DKK"
  },
  {
    "country": "Grenada",
    "currency": "Eastern Caribbean dollar",
    "symbol": "EC$",
    "code": "XCD"
  },
  {
    "country": "Guatemala",
    "currency": "Guatemalan quetzal",
    "symbol": "Q",
    "code": "GTQ"
  },
  {
    "country": "Bailiwick of Guernsey",
    "currency": "Guernsey pound",
    "symbol": "£",
    "code": ""
  },
  {
    "country": "Guinea",
    "currency": "Guinean franc",
    "symbol": "Fr",
    "code": "GNF"
  },
  {
    "country": "Guinea-Bissau",
    "currency": "West African CFA franc",
    "symbol": "F.CFA",
    "code": "XOF"
  },
  {
    "country": "Guyana",
    "currency": "Guyanese dollar",
    "symbol": "$",
    "code": "GYD"
  },
  {
    "country": "Haiti",
    "currency": "Haitian gourde",
    "symbol": "G",
    "code": "HTG"
  },
  {
    "country": "Honduras",
    "currency": "Honduran lempira",
    "symbol": "L",
    "code": "HNL"
  },
  {
    "country": "Hong Kong",
    "currency": "Hong Kong dollar",
    "symbol": "$",
    "code": "HKD"
  },
  {
    "country": "Hungary",
    "currency": "Hungarian forint",
    "symbol": "Ft",
    "code": "HUF"
  },
  {
    "country": "Iceland",
    "currency": "Icelandic króna",
    "symbol": "kr",
    "code": "ISK"
  },
  {
    "country": "India",
    "currency": "Indian rupee",
    "symbol": "₹",
    "code": "INR"
  },
  {
    "country": "Indonesia",
    "currency": "Indonesian rupiah",
    "symbol": "Rp",
    "code": "IDR"
  },
  {
    "country": "Iran",
    "currency": "Iranian rial",
    "symbol": "Rl",
    "code": "IRR"
  },
  {
    "country": "Iraq",
    "currency": "Iraqi dinar",
    "symbol": "ID",
    "code": "IQD"
  },
  { "country": "Ireland", "currency": "Euro", "symbol": "€", "code": "EUR" },
  {
    "country": "Isle of Man",
    "currency": "Manx pound",
    "symbol": "£",
    "code": ""
  },
  {
    "country": "Israel",
    "currency": "Israeli new shekel",
    "symbol": "₪",
    "code": "ILS"
  },
  { "country": "Italy", "currency": "Euro", "symbol": "€", "code": "EUR" },
  {
    "country": "Jamaica",
    "currency": "Jamaican dollar",
    "symbol": "$",
    "code": "JMD"
  },
  {
    "country": "Japan",
    "currency": "Japanese yen",
    "symbol": "¥",
    "code": "JPY"
  },
  {
    "country": "Jersey",
    "currency": "Jersey pound",
    "symbol": "£",
    "code": ""
  },
  {
    "country": "Jordan",
    "currency": "Jordanian dinar",
    "symbol": "JD",
    "code": "JOD"
  },
  {
    "country": "Kazakhstan",
    "currency": "Kazakhstani tenge",
    "symbol": "₸",
    "code": "KZT"
  },
  {
    "country": "Kenya",
    "currency": "Kenyan shilling",
    "symbol": "Sh",
    "code": "KES"
  },
  {
    "country": "Kiribati",
    "currency": "Kiribati dollar",
    "symbol": "$",
    "code": ""
  },
  {
    "country": "Korea, North",
    "currency": "North Korean won",
    "symbol": "₩",
    "code": "KPW"
  },
  {
    "country": "Korea, South",
    "currency": "South Korean won",
    "symbol": "₩",
    "code": "KRW"
  },
  { "country": "Kosovo", "currency": "Euro", "symbol": "€", "code": "EUR" },
  {
    "country": "Kuwait",
    "currency": "Kuwaiti dinar",
    "symbol": "KD",
    "code": "KWD"
  },
  {
    "country": "Kyrgyzstan",
    "currency": "Kyrgyz som",
    "symbol": "⃀",
    "code": "KGS"
  },
  { "country": "Laos", "currency": "Lao kip", "symbol": "₭", "code": "LAK" },
  { "country": "Latvia", "currency": "Euro", "symbol": "€", "code": "EUR" },
  {
    "country": "Lebanon",
    "currency": "Lebanese pound",
    "symbol": "LL",
    "code": "LBP"
  },
  {
    "country": "Lesotho",
    "currency": "Lesotho loti",
    "symbol": "L",
    "code": "LSL"
  },
  {
    "country": "Liberia",
    "currency": "Liberian dollar",
    "symbol": "$",
    "code": "LRD"
  },
  {
    "country": "Libya",
    "currency": "Libyan dinar",
    "symbol": "LD",
    "code": "LYD"
  },
  {
    "country": "Liechtenstein",
    "currency": "Swiss franc",
    "symbol": "Fr",
    "code": "CHF"
  },
  { "country": "Lithuania", "currency": "Euro", "symbol": "€", "code": "EUR" },
  { "country": "Luxembourg", "currency": "Euro", "symbol": "€", "code": "EUR" },
  {
    "country": "Macau",
    "currency": "Macanese pataca",
    "symbol": "$",
    "code": "MOP"
  },
  {
    "country": "Madagascar",
    "currency": "Malagasy ariary",
    "symbol": "Ar",
    "code": "MGA"
  },
  {
    "country": "Malawi",
    "currency": "Malawian kwacha",
    "symbol": "K",
    "code": "MWK"
  },
  {
    "country": "Malaysia",
    "currency": "Malaysian ringgit",
    "symbol": "RM",
    "code": "MYR"
  },
  {
    "country": "Maldives",
    "currency": "Maldivian rufiyaa",
    "symbol": "Rf",
    "code": "MVR"
  },
  {
    "country": "Mali",
    "currency": "West African CFA franc",
    "symbol": "F.CFA",
    "code": "XOF"
  },
  { "country": "Malta", "currency": "Euro", "symbol": "€", "code": "EUR" },
  {
    "country": "Marshall Islands",
    "currency": "United States dollar",
    "symbol": "$",
    "code": "USD"
  },
  {
    "country": "Mauritania",
    "currency": "Mauritanian ouguiya",
    "symbol": "UM",
    "code": "MRU"
  },
  {
    "country": "Mauritius",
    "currency": "Mauritian rupee",
    "symbol": "Re",
    "code": "MUR"
  },
  {
    "country": "Mexico",
    "currency": "Mexican peso",
    "symbol": "$",
    "code": "MXN"
  },
  {
    "country": "Micronesia",
    "currency": "United States dollar",
    "symbol": "$",
    "code": "USD"
  },
  {
    "country": "Moldova",
    "currency": "Moldovan leu",
    "symbol": "Leu",
    "code": "MDL"
  },
  { "country": "Monaco", "currency": "Euro", "symbol": "€", "code": "EUR" },
  {
    "country": "Mongolia",
    "currency": "Mongolian tögrög",
    "symbol": "₮",
    "code": "MNT"
  },
  { "country": "Montenegro", "currency": "Euro", "symbol": "€", "code": "EUR" },
  {
    "country": "Montserrat",
    "currency": "Eastern Caribbean dollar",
    "symbol": "EC$",
    "code": "XCD"
  },
  {
    "country": "Morocco",
    "currency": "Moroccan dirham",
    "symbol": "DH",
    "code": "MAD"
  },
  {
    "country": "Mozambique",
    "currency": "Mozambican metical",
    "symbol": "Mt",
    "code": "MZN"
  },
  {
    "country": "Myanmar",
    "currency": "Burmese kyat",
    "symbol": "K",
    "code": "MMK"
  },
  {
    "country": "Namibia",
    "currency": "Namibian dollar",
    "symbol": "$",
    "code": "NAD"
  },
  {
    "country": "Nauru",
    "currency": "Australian dollar",
    "symbol": "$",
    "code": "AUD"
  },
  {
    "country": "Nepal",
    "currency": "Nepalese rupee",
    "symbol": "रु",
    "code": "NPR"
  },
  {
    "country": "Netherlands",
    "currency": "Euro",
    "symbol": "€",
    "code": "EUR"
  },
  {
    "country": "New Caledonia",
    "currency": "CFP franc",
    "symbol": "₣",
    "code": "XPF"
  },
  {
    "country": "Nicaragua",
    "currency": "Nicaraguan córdoba",
    "symbol": "C$",
    "code": "NIO"
  },
  {
    "country": "Niger",
    "currency": "West African CFA franc",
    "symbol": "F.CFA",
    "code": "XOF"
  },
  {
    "country": "Nigeria",
    "currency": "Nigerian naira",
    "symbol": "₦",
    "code": "NGN"
  },
  {
    "country": "Niue",
    "currency": "New Zealand dollar",
    "symbol": "$",
    "code": "NZD"
  },
  {
    "country": "North Macedonia",
    "currency": "Macedonian denar",
    "symbol": "DEN",
    "code": "MKD"
  },
  {
    "country": "Northern Cyprus",
    "currency": "Turkish lira",
    "symbol": "₺",
    "code": "TRY"
  },
  {
    "country": "Norway",
    "currency": "Norwegian krone",
    "symbol": "kr",
    "code": "NOK"
  },
  {
    "country": "Oman",
    "currency": "Omani rial",
    "symbol": "RO",
    "code": "OMR"
  },
  {
    "country": "Pakistan",
    "currency": "Pakistani rupee",
    "symbol": "Rs",
    "code": "PKR"
  },
  {
    "country": "Palau",
    "currency": "United States dollar",
    "symbol": "$",
    "code": "USD"
  },
  {
    "country": "Palestine",
    "currency": "Israeli new shekel",
    "symbol": "₪",
    "code": "ILS"
  },
  {
    "country": "Panama",
    "currency": "Panamanian balboa",
    "symbol": "B/",
    "code": "PAB"
  },
  {
    "country": "Papua New Guinea",
    "currency": "Papua New Guinean kina",
    "symbol": "K",
    "code": "PGK"
  },
  {
    "country": "Paraguay",
    "currency": "Paraguayan guaraní",
    "symbol": "₲",
    "code": "PYG"
  },
  {
    "country": "Peru",
    "currency": "Peruvian sol",
    "symbol": "S/",
    "code": "PEN"
  },
  {
    "country": "Philippines",
    "currency": "Philippine peso",
    "symbol": "₱",
    "code": "PHP"
  },
  {
    "country": "Pitcairn Islands",
    "currency": "New Zealand dollar",
    "symbol": "$",
    "code": "NZD"
  },
  {
    "country": "Poland",
    "currency": "Polish złoty",
    "symbol": "zł",
    "code": "PLN"
  },
  { "country": "Portugal", "currency": "Euro", "symbol": "€", "code": "EUR" },
  {
    "country": "Qatar",
    "currency": "Qatari riyal",
    "symbol": "QR",
    "code": "QAR"
  },
  {
    "country": "Romania",
    "currency": "Romanian leu",
    "symbol": "Leu",
    "code": "RON"
  },
  {
    "country": "Rwanda",
    "currency": "Rwandan franc",
    "symbol": "FRw",
    "code": "RWF"
  },
  {
    "country": "Saba",
    "currency": "United States dollar",
    "symbol": "$",
    "code": "USD"
  },
  {
    "country": "Sahrawi Republic",
    "currency": "Moroccan dirham",
    "symbol": "DH",
    "code": "MAD"
  },
  {
    "country": "Saint Helena",
    "currency": "Saint Helena pound",
    "symbol": "£",
    "code": "SHP"
  },
  {
    "country": "Saint Kitts and Nevis",
    "currency": "Eastern Caribbean dollar",
    "symbol": "EC$",
    "code": "XCD"
  },
  {
    "country": "Saint Lucia",
    "currency": "Eastern Caribbean dollar",
    "symbol": "EC$",
    "code": "XCD"
  },
  {
    "country": "Saint Vincent and the Grenadines",
    "currency": "Eastern Caribbean dollar",
    "symbol": "EC$",
    "code": "XCD"
  },
  {
    "country": "Samoa",
    "currency": "Samoan tālā",
    "symbol": "$",
    "code": "WST"
  },
  { "country": "San Marino", "currency": "Euro", "symbol": "€", "code": "EUR" },
  {
    "country": "São Tomé and Príncipe",
    "currency": "São Tomé and Príncipe dobra",
    "symbol": "Db",
    "code": "STN"
  },
  {
    "country": "Saudi Arabia",
    "currency": "Saudi riyal",
    "symbol": "",
    "code": "SAR"
  },
  {
    "country": "Senegal",
    "currency": "West African CFA franc",
    "symbol": "F.CFA",
    "code": "XOF"
  },
  {
    "country": "Serbia",
    "currency": "Serbian dinar",
    "symbol": "DIN",
    "code": "RSD"
  },
  {
    "country": "Seychelles",
    "currency": "Seychellois rupee",
    "symbol": "Re",
    "code": "SCR"
  },
  {
    "country": "Sierra Leone",
    "currency": "Sierra Leonean leone",
    "symbol": "Le",
    "code": "SLE"
  },
  {
    "country": "Singapore",
    "currency": "Singapore dollar",
    "symbol": "$",
    "code": "SGD"
  },
  {
    "country": "Sint Eustatius",
    "currency": "United States dollar",
    "symbol": "$",
    "code": "USD"
  },
  {
    "country": "Sint Maarten",
    "currency": "Caribbean guilder",
    "symbol": "Cg",
    "code": "XCG"
  },
  { "country": "Slovakia", "currency": "Euro", "symbol": "€", "code": "EUR" },
  { "country": "Slovenia", "currency": "Euro", "symbol": "€", "code": "EUR" },
  {
    "country": "Solomon Islands",
    "currency": "Solomon Islands dollar",
    "symbol": "$",
    "code": "SBD"
  },
  {
    "country": "Somalia",
    "currency": "Somali shilling",
    "symbol": "Sh",
    "code": "SOS"
  },
  {
    "country": "Somaliland",
    "currency": "Somaliland shilling",
    "symbol": "Sh",
    "code": ""
  },
  {
    "country": "South Ossetia",
    "currency": "Russian ruble",
    "symbol": "₽",
    "code": "RUB"
  },
  {
    "country": "South Sudan",
    "currency": "South Sudanese pound",
    "symbol": "SS£",
    "code": "SSP"
  },
  { "country": "Spain", "currency": "Euro", "symbol": "€", "code": "EUR" },
  {
    "country": "Sri Lanka",
    "currency": "Sri Lankan rupee",
    "symbol": "Rs",
    "code": "LKR"
  },
  {
    "country": "Sudan",
    "currency": "Sudanese pound",
    "symbol": "LS",
    "code": "SDG"
  },
  {
    "country": "Suriname",
    "currency": "Surinamese dollar",
    "symbol": "$",
    "code": "SRD"
  },
  {
    "country": "Sweden",
    "currency": "Swedish krona",
    "symbol": "kr",
    "code": "SEK"
  },
  {
    "country": "Switzerland",
    "currency": "Swiss franc",
    "symbol": "Fr",
    "code": "CHF"
  },
  {
    "country": "Syria",
    "currency": "Syrian pound",
    "symbol": "LS",
    "code": "SYP"
  },
  {
    "country": "Taiwan",
    "currency": "New Taiwan dollar",
    "symbol": "$",
    "code": "TWD"
  },
  {
    "country": "Tajikistan",
    "currency": "Tajikistani somoni",
    "symbol": "SM",
    "code": "TJS"
  },
  {
    "country": "Tanzania",
    "currency": "Tanzanian shilling",
    "symbol": "Sh",
    "code": "TZS"
  },
  {
    "country": "Thailand",
    "currency": "Thai baht",
    "symbol": "฿",
    "code": "THB"
  },
  {
    "country": "Timor-Leste",
    "currency": "United States dollar",
    "symbol": "$",
    "code": "USD"
  },
  {
    "country": "Togo",
    "currency": "West African CFA franc",
    "symbol": "F.CFA",
    "code": "XOF"
  },
  {
    "country": "Tonga",
    "currency": "Tongan paʻanga",
    "symbol": "T$",
    "code": "TOP"
  },
  {
    "country": "Transnistria",
    "currency": "Transnistrian ruble",
    "symbol": "",
    "code": ""
  },
  {
    "country": "Trinidad and Tobago",
    "currency": "Trinidad and Tobago dollar",
    "symbol": "$",
    "code": "TTD"
  },
  {
    "country": "Tunisia",
    "currency": "Tunisian dinar",
    "symbol": "DT",
    "code": "TND"
  },
  {
    "country": "Turkey",
    "currency": "Turkish lira",
    "symbol": "₺",
    "code": "TRY"
  },
  {
    "country": "Turkmenistan",
    "currency": "Turkmenistani manat",
    "symbol": "m",
    "code": "TMT"
  },
  {
    "country": "Turks and Caicos Islands",
    "currency": "United States dollar",
    "symbol": "$",
    "code": "USD"
  },
  {
    "country": "Tuvalu",
    "currency": "Tuvaluan dollar",
    "symbol": "$",
    "code": ""
  },
  {
    "country": "Uganda",
    "currency": "Ugandan shilling",
    "symbol": "Sh",
    "code": "UGX"
  },
  {
    "country": "Ukraine",
    "currency": "Ukrainian hryvnia",
    "symbol": "₴",
    "code": "UAH"
  },
  {
    "country": "United Arab Emirates",
    "currency": "United Arab Emirates dirham",
    "symbol": "",
    "code": "AED"
  },
  {
    "country": "United Kingdom",
    "currency": "Sterling",
    "symbol": "£",
    "code": "GBP"
  },
  {
    "country": "United States",
    "currency": "United States dollar",
    "symbol": "$",
    "code": "USD"
  },
  {
    "country": "Uruguay",
    "currency": "Uruguayan peso",
    "symbol": "$",
    "code": "UYU"
  },
  {
    "country": "Uzbekistan",
    "currency": "Uzbekistani som",
    "symbol": "Sʻ",
    "code": "UZS"
  },
  {
    "country": "Vanuatu",
    "currency": "Vanuatu vatu",
    "symbol": "VT",
    "code": "VUV"
  },
  {
    "country": "Vatican City",
    "currency": "Euro",
    "symbol": "€",
    "code": "EUR"
  },
  {
    "country": "Venezuela",
    "currency": "Venezuelan sovereign bolívar",
    "symbol": "Bs.S",
    "code": "VES"
  },
  {
    "country": "Venezuela (digital)",
    "currency": "Venezuelan digital bolívar",
    "symbol": "Bs.D",
    "code": "VED"
  },
  {
    "country": "Vietnam",
    "currency": "Vietnamese đồng",
    "symbol": "₫",
    "code": "VND"
  },
  {
    "country": "Wallis and Futuna",
    "currency": "CFP franc",
    "symbol": "₣",
    "code": "XPF"
  },
  {
    "country": "Yemen",
    "currency": "Yemeni rial",
    "symbol": "Rl",
    "code": "YER"
  },
  {
    "country": "Zambia",
    "currency": "Zambian kwacha",
    "symbol": "K",
    "code": "ZMW"
  },
  {
    "country": "Zimbabwe",
    "currency": "Zimbabwe gold",
    "symbol": "ZiG",
    "code": "ZWG"
  }
]
